{
  "variant": "body-b",
  "height": 3.6,
  "fit": {
    "scale": 2.196418,
    "center": [
      0.000012,
      0.000031,
      0.113984
    ]
  },
  "armpitY": 2.376,
  "shoulder": {
    "y": 2.7,
    "halfWidth": 0.4832
  },
  "crotchY": 1.62,
  "chestBotY": 2.214,
  "waist": {
    "y": 2.16,
    "halfWidth": 0.3522
  },
  "hip": {
    "y": 1.728,
    "halfWidth": 0.3988
  },
  "torsoSlices": {
    "chest": {
      "y": 2.457,
      "halfWidth": 0.3574,
      "zMin": -0.3692,
      "zMax": 0.0964
    },
    "waist": {
      "y": 2.16,
      "halfWidth": 0.3522,
      "zMin": -0.3631,
      "zMax": 0.0586
    },
    "hip": {
      "y": 1.728,
      "halfWidth": 0.3988,
      "zMin": -0.4346,
      "zMax": 0.0171
    },
    "pelvis": {
      "y": 1.7685,
      "halfWidth": 0.3988,
      "zMin": -0.453,
      "zMax": 0.015
    }
  },
  "bust": {
    "y": 2.52,
    "zMax": 0.1217,
    "x": 0.1738
  },
  "neck": {
    "y": 3.168,
    "halfWidth": 0.1285,
    "zMin": -0.2952,
    "zMax": 0.081
  },
  "chinY": 3.204,
  "head": {
    "halfWidth": 0.1822,
    "zMin": -0.3552,
    "zMax": 0.0956
  },
  "arm": {
    "wristY": 1.692,
    "wristRadius": 0.0348,
    "handBottomY": 1.332,
    "radius": 0.0929,
    "upperAngleDeg": 58.9133,
    "foreAngleDeg": 37.4121,
    "top": [
      0.478,
      2.232,
      -0.1228
    ],
    "elbow": [
      0.4879,
      2.196,
      -0.0639
    ],
    "wrist": [
      0.5478,
      1.692,
      0.3169
    ],
    "hand": {
      "cz": 0.3169,
      "zHalf": 0.0994
    }
  },
  "leg": {
    "topX": 0.2364,
    "topZ": -0.205,
    "thigh": {
      "y": 1.2985,
      "x": 0.2571,
      "z": -0.1455,
      "radius": 0.1495
    },
    "knee": {
      "y": 0.977,
      "x": 0.3132,
      "z": -0.1859,
      "radius": 0.13
    },
    "calf": {
      "y": 0.6145,
      "x": 0.3615,
      "radius": 0.1126,
      "zMin": -0.3405,
      "zMax": -0.1095
    },
    "ankle": {
      "y": 0.252,
      "x": 0.3927,
      "z": -0.201,
      "radius": 0.0572
    }
  },
  "foot": {
    "centerX": 0.4035,
    "halfWidth": 0.0986,
    "zMin": -0.3011,
    "zMax": 0.1968,
    "topY": 0.198
  }
}
