{
  "variant": "body-b",
  "height": 3.6,
  "fit": {
    "scale": 2.198863,
    "center": [
      0.000022,
      0.000624,
      0.114529
    ]
  },
  "armpitY": 2.412,
  "shoulder": {
    "y": 2.736,
    "halfWidth": 0.479
  },
  "crotchY": 1.62,
  "chestBotY": 2.223,
  "waist": {
    "y": 2.16,
    "halfWidth": 0.3562
  },
  "hip": {
    "y": 1.728,
    "halfWidth": 0.3993
  },
  "torsoSlices": {
    "chest": {
      "y": 2.4795,
      "halfWidth": 0.3593,
      "zMin": -0.3816,
      "zMax": 0.11
    },
    "waist": {
      "y": 2.16,
      "halfWidth": 0.3562,
      "zMin": -0.3634,
      "zMax": 0.0546
    },
    "hip": {
      "y": 1.728,
      "halfWidth": 0.3993,
      "zMin": -0.4436,
      "zMax": 0.0183
    },
    "pelvis": {
      "y": 1.7685,
      "halfWidth": 0.3993,
      "zMin": -0.4511,
      "zMax": 0.0133
    }
  },
  "bust": {
    "y": 2.52,
    "zMax": 0.12,
    "x": 0.1786
  },
  "neck": {
    "y": 3.168,
    "halfWidth": 0.1267,
    "zMin": -0.2972,
    "zMax": 0.0791
  },
  "chinY": 3.204,
  "head": {
    "halfWidth": 0.1794,
    "zMin": -0.3532,
    "zMax": 0.0938
  },
  "arm": {
    "wristY": 2.052,
    "wristRadius": 0.0684,
    "handBottomY": 1.62,
    "radius": 0.0963,
    "upperAngleDeg": 25.4191,
    "foreAngleDeg": 42.4696,
    "top": [
      0.4732,
      2.268,
      -0.1321
    ],
    "elbow": [
      0.4476,
      2.376,
      -0.1766
    ],
    "wrist": [
      0.5196,
      2.052,
      0.1111
    ],
    "hand": {
      "cz": 0.316,
      "zHalf": 0.0988
    }
  },
  "leg": {
    "topX": 0.2346,
    "topZ": -0.207,
    "thigh": {
      "y": 1.2901,
      "x": 0.2529,
      "z": -0.1461,
      "radius": 0.1505
    },
    "knee": {
      "y": 0.9601,
      "x": 0.3193,
      "z": -0.1921,
      "radius": 0.1297
    },
    "calf": {
      "y": 0.5881,
      "x": 0.3631,
      "radius": 0.1106,
      "zMin": -0.3457,
      "zMax": -0.1209
    },
    "ankle": {
      "y": 0.216,
      "x": 0.3973,
      "z": -0.1757,
      "radius": 0.0576
    }
  },
  "foot": {
    "centerX": 0.4035,
    "halfWidth": 0.0967,
    "zMin": -0.2993,
    "zMax": 0.1952,
    "topY": 0.198
  }
}
